{
  "$schema": "./node_modules/@angular/cli/lib/config/schema.json",
  "project": {
    "name": "otc-web"
  },
  "apps": [
    {
      "root": "src",
      "outDir": "dist",
      "assets": [
        "assets",
        "favicon.ico"
      ],
      "index": "index.html",
      "main": "main.ts",
      "polyfills": "polyfills.ts",
      "test": "test.ts",
      "tsconfig": "tsconfig.app.json",
      "testTsconfig": "tsconfig.spec.json",
      "prefix": "app",
      "styles": [
        "styles.scss"
      ],
      "scripts": [
        "../node_modules/moment/moment.js",
        "../node_modules/numeral/numeral.js",
        "../node_modules/admin-lte/plugins/jQuery/jquery-2.2.3.min.js",
        "../node_modules/admin-lte/bootstrap/js/bootstrap.js",
        "../node_modules/admin-lte/plugins/iCheck/icheck.min.js",
        "../node_modules/admin-lte/plugins/slimScroll/jquery.slimscroll.js",
        "../node_modules/urijs/src/URI.js",
        "../node_modules/sweetalert/dist/sweetalert.min.js",
        "../node_modules/admin-lte/plugins/pace/pace.js",
        "../node_modules/admin-lte/plugins/fullcalendar/fullcalendar.js",
        "../node_modules/admin-lte/plugins/daterangepicker/daterangepicker.js",
        "../node_modules/admin-lte/plugins/select2/select2.js",
        "../node_modules/admin-lte/plugins/select2/i18n/zh-CN.js",
        "../node_modules/admin-lte/plugins/timepicker/bootstrap-timepicker.js",
        "../node_modules/fuelux/dist/js/fuelux.js",
        "../node_modules/admin-lte/plugins/datepicker/bootstrap-datepicker.js",
        "../node_modules/admin-lte/plugins/datepicker/locales/bootstrap-datepicker.zh-CN.js",
        "../node_modules/ztree/js/jquery.ztree.all.js",
        "../node_modules/admin-lte/dist/js/app.js",
        "../node_modules/admin-lte/dist/js/demo.js"
      ],
      "environmentSource": "environments/environment.ts",
      "environments": {
        "dev": "environments/environment.ts",
        "prod": "environments/environment.prod.ts"
      }
    }
  ],
  "e2e": {
    "protractor": {
      "config": "./protractor.conf.js"
    }
  },
  "lint": [
    {
      "project": "src/tsconfig.app.json"
    },
    {
      "project": "src/tsconfig.spec.json"
    },
    {
      "project": "e2e/tsconfig.e2e.json"
    }
  ],
  "test": {
    "karma": {
      "config": "./karma.conf.js"
    }
  },
  "defaults": {
    "styleExt": "scss",
    "component": {}
  }
}
